data,flowmember,label,classes
b'her / IP / TCP 192.168.0.106:7995 > 123.6.77.65:https A / Ra',1,,
b'her / IP / TCP 123.6.77.65:https > 192.168.0.106:7995 ',2,,
b'her / IP / TCP 192.168.0.106:8000 > 20.190.163.18:https A / Ra',3,,
b'her / IP / TCP 192.168.0.106:7997 > 23.56.170.113:https A / Ra',4,,
b'her / IP / TCP 20.190.163.18:https > 192.168.0.106:8000 ',5,,
b'her / IP / TCP 23.56.170.113:https > 192.168.0.106:7997 ',6,,
b'her / IP / TCP 192.168.0.106:8136 > 116.132.235.228:http ',7,,
b'her / IP / TCP 192.168.0.106:8136 > 116.132.235.228:http ',7,,
b'her / IP / TCP 192.168.0.106:8136 > 116.132.235.228:http PA / Ra',7,,
b'her / IP / TCP 192.168.0.106:8136 > 116.132.235.228:http A / Ra',7,,
b'her / IP / TCP 192.168.0.106:8136 > 116.132.235.228:http A / Ra',7,,
b'her / IP / TCP 192.168.0.106:8136 > 116.132.235.228:http PA / Ra',7,,
b'her / IP / TCP 192.168.0.106:8136 > 116.132.235.228:http ',8,,
b'her / IP / TCP 192.168.0.106:8136 > 116.132.235.228:http F',8,,
b'her / IP / TCP 192.168.0.106:8136 > 116.132.235.228:http F',8,,
b'her / IP / TCP 192.168.0.106:8136 > 116.132.235.228:http F',8,,
b'her / IP / TCP 192.168.0.106:8136 > 116.132.235.228:http F',8,,
b'her / IP / TCP 192.168.0.106:8136 > 116.132.235.228:http F',8,,
b'her / IP / TCP 192.168.0.106:8136 > 116.132.235.228:http F',8,,
b'her / IP / TCP 192.168.0.106:8136 > 116.132.235.228:http R',9,,
b'her / IP / TCP 116.132.235.228:http > 192.168.0.106:8136 S',9,,
b'her / IP / TCP 116.132.235.228:http > 192.168.0.106:8136 ',9,,
b'her / IP / TCP 116.132.235.228:http > 192.168.0.106:8136 ',9,,
b'her / IP / TCP 116.132.235.228:http > 192.168.0.106:8136 ',9,,
b'her / IP / TCP 116.132.235.228:http > 192.168.0.106:8136 PA / Ra',9,,
b'her / IP / TCP 116.132.235.228:http > 192.168.0.106:8136 F',9,,
b'her / IP / TCP 192.168.0.106:8137 > 116.132.235.228:http ',10,,
b'her / IP / TCP 192.168.0.106:8137 > 116.132.235.228:http ',10,,
b'her / IP / TCP 192.168.0.106:8137 > 116.132.235.228:http PA / Ra',10,,
b'her / IP / TCP 192.168.0.106:8137 > 116.132.235.228:http A / Ra',10,,
b'her / IP / TCP 192.168.0.106:8137 > 116.132.235.228:http A / Ra',10,,
b'her / IP / TCP 192.168.0.106:8137 > 116.132.235.228:http PA / Ra',10,,
b'her / IP / TCP 192.168.0.106:8137 > 116.132.235.228:http ',11,,
b'her / IP / TCP 192.168.0.106:8137 > 116.132.235.228:http F',11,,
b'her / IP / TCP 192.168.0.106:8137 > 116.132.235.228:http F',11,,
b'her / IP / TCP 192.168.0.106:8137 > 116.132.235.228:http F',11,,
b'her / IP / TCP 192.168.0.106:8137 > 116.132.235.228:http F',11,,
b'her / IP / TCP 192.168.0.106:8137 > 116.132.235.228:http F',11,,
b'her / IP / TCP 192.168.0.106:8137 > 116.132.235.228:http F',11,,
b'her / IP / TCP 192.168.0.106:8137 > 116.132.235.228:http R',12,,
b'her / IP / TCP 116.132.235.228:http > 192.168.0.106:8137 S',12,,
b'her / IP / TCP 116.132.235.228:http > 192.168.0.106:8137 ',12,,
b'her / IP / TCP 116.132.235.228:http > 192.168.0.106:8137 ',12,,
b'her / IP / TCP 116.132.235.228:http > 192.168.0.106:8137 ',12,,
b'her / IP / TCP 116.132.235.228:http > 192.168.0.106:8137 ',12,,
b'her / IP / TCP 116.132.235.228:http > 192.168.0.106:8137 PA / Ra',12,,
b'her / IP / TCP 116.132.235.228:http > 192.168.0.106:8137 F',13,,
b'her / IP / TCP 192.168.0.106:8001 > 20.135.6.9:https A / Ra',13,,
b'her / IP / TCP 20.135.6.9:https > 192.168.0.106:8001 ',14,,
b'her / IP / TCP 192.168.0.106:7990 > 61.163.9.171:https A / Ra',15,,
b'her / IP / TCP 61.163.9.171:https > 192.168.0.106:7990 ',16,,
b'her / IP / TCP 192.168.0.106:8010 > 120.46.209.149:https A / Ra',17,,
b'her / IP / TCP 192.168.0.106:8011 > 120.46.209.149:https A / Ra',18,,
b'her / IP / TCP 120.46.209.149:https > 192.168.0.106:8010 ',19,,
b'her / IP / TCP 192.168.0.106:8013 > 120.46.209.149:https A / Ra',20,,
b'her / IP / TCP 120.46.209.149:https > 192.168.0.106:8011 ',21,,
b'her / IP / TCP 120.46.209.149:https > 192.168.0.106:8013 ',22,,
b'her / IP / TCP 192.168.0.106:8021 > 123.6.10.201:https A / Ra',23,,
b'her / IP / TCP 192.168.0.106:8009 > 42.81.62.31:https A / Ra',24,,
b'her / IP / TCP 123.6.10.201:https > 192.168.0.106:8021 ',25,,
b'her / IP / TCP 42.81.62.31:https > 192.168.0.106:8009 ',26,,
b'her / IP / TCP 192.168.0.106:8004 > 42.81.62.31:https A / Ra',27,,
b'her / IP / TCP 42.81.62.31:https > 192.168.0.106:8004 ',28,,
b'her / IP / TCP 192.168.0.106:8019 > 42.81.62.31:https A / Ra',29,,
b'her / IP / TCP 42.81.62.31:https > 192.168.0.106:8019 ',30,,
b'her / IP / TCP 192.168.0.106:7993 > 61.163.9.167:https A / Ra',31,,
b'her / IP / TCP 192.168.0.106:8007 > 115.54.20.38:https A / Ra',32,,
b'her / IP / TCP 61.163.9.167:https > 192.168.0.106:7993 ',33,,
b'her / IP / TCP 115.54.20.38:https > 192.168.0.106:8007 ',34,,
b'her / IP / TCP 192.168.0.106:8138 > 116.132.235.228:http ',35,,
b'her / IP / TCP 192.168.0.106:8138 > 116.132.235.228:http ',35,,
b'her / IP / TCP 192.168.0.106:8138 > 116.132.235.228:http PA / Ra',35,,
b'her / IP / TCP 192.168.0.106:8138 > 116.132.235.228:http A / Ra',35,,
b'her / IP / TCP 192.168.0.106:8138 > 116.132.235.228:http A / Ra',35,,
b'her / IP / TCP 192.168.0.106:8138 > 116.132.235.228:http PA / Ra',35,,
b'her / IP / TCP 192.168.0.106:8138 > 116.132.235.228:http ',36,,
b'her / IP / TCP 192.168.0.106:8138 > 116.132.235.228:http F',36,,
b'her / IP / TCP 116.132.235.228:http > 192.168.0.106:8138 S',37,,
b'her / IP / TCP 116.132.235.228:http > 192.168.0.106:8138 ',37,,
b'her / IP / TCP 116.132.235.228:http > 192.168.0.106:8138 ',37,,
b'her / IP / TCP 116.132.235.228:http > 192.168.0.106:8138 ',37,,
b'her / IP / TCP 116.132.235.228:http > 192.168.0.106:8138 PA / Ra',37,,
b'her / IP / TCP 116.132.235.228:http > 192.168.0.106:8138 F',37,,
b'her / IP / TCP 116.132.235.228:http > 192.168.0.106:8138 ',38,,
b'her / IP / TCP 192.168.0.106:8014 > 120.46.209.149:https A / Ra',38,,
b'her / IP / TCP 120.46.209.149:https > 192.168.0.106:8014 ',39,,
b'her / IP / TCP 192.168.0.106:8006 > 120.46.209.149:https A / Ra',40,,
b'her / IP / TCP 120.46.209.149:https > 192.168.0.106:8006 ',41,,
b'her / IP / TCP 192.168.0.106:8016 > 115.54.19.6:https A / Ra',42,,
b'her / IP / TCP 115.54.19.6:https > 192.168.0.106:8016 ',43,,
b'her / IP / UDP 192.168.192.1:netbios_ns > 192.168.192.2:netbios_ns / NBNSHeader / Ra',44,,
b'her / IP / UDP 192.168.192.1:netbios_ns > 192.168.192.2:netbios_ns / NBNSHeader / Ra',44,,
b'her / IP / UDP 192.168.192.1:netbios_ns > 192.168.192.2:netbios_ns / NBNSHeader / Ra',44,,
b'her / IP / UDP 192.168.192.1:netbios_ns > 192.168.192.2:netbios_ns / NBNSHeader / Ra',44,,
b'her / IP / UDP 192.168.192.1:netbios_ns > 192.168.192.2:netbios_ns / NBNSHeader / Ra',44,,
b'her / IP / UDP 192.168.192.1:netbios_ns > 192.168.192.2:netbios_ns / NBNSHeader / Ra',44,,
b'her / IP / TCP 192.168.0.106:7988 > 202.89.233.100:https A / Ra',45,,
b'her / IP / TCP 202.89.233.100:https > 192.168.0.106:7988 ',46,,
b'her / IP / TCP 192.168.0.106:8139 > 116.132.235.228:http ',47,,
b'her / IP / TCP 192.168.0.106:8139 > 116.132.235.228:http ',47,,
b'her / IP / TCP 192.168.0.106:8139 > 116.132.235.228:http PA / Ra',47,,
b'her / IP / TCP 192.168.0.106:8139 > 116.132.235.228:http A / Ra',47,,
b'her / IP / TCP 192.168.0.106:8139 > 116.132.235.228:http A / Ra',47,,
b'her / IP / TCP 192.168.0.106:8139 > 116.132.235.228:http PA / Ra',47,,
b'her / IP / TCP 192.168.0.106:8139 > 116.132.235.228:http ',48,,
b'her / IP / TCP 192.168.0.106:8139 > 116.132.235.228:http F',48,,
b'her / IP / TCP 116.132.235.228:http > 192.168.0.106:8139 S',49,,
b'her / IP / TCP 116.132.235.228:http > 192.168.0.106:8139 ',49,,
b'her / IP / TCP 116.132.235.228:http > 192.168.0.106:8139 ',49,,
b'her / IP / TCP 116.132.235.228:http > 192.168.0.106:8139 ',49,,
b'her / IP / TCP 116.132.235.228:http > 192.168.0.106:8139 PA / Ra',49,,
b'her / IP / TCP 116.132.235.228:http > 192.168.0.106:8139 F',49,,
b'her / IP / TCP 116.132.235.228:http > 192.168.0.106:8139 ',50,,
b'her / IP / TCP 192.168.0.106:8140 > 116.132.235.228:http ',50,,
b'her / IP / TCP 192.168.0.106:8140 > 116.132.235.228:http ',50,,
b'her / IP / TCP 192.168.0.106:8140 > 116.132.235.228:http PA / Ra',50,,
b'her / IP / TCP 192.168.0.106:8140 > 116.132.235.228:http A / Ra',50,,
b'her / IP / TCP 192.168.0.106:8140 > 116.132.235.228:http A / Ra',50,,
b'her / IP / TCP 192.168.0.106:8140 > 116.132.235.228:http PA / Ra',50,,
b'her / IP / TCP 192.168.0.106:8140 > 116.132.235.228:http ',51,,
b'her / IP / TCP 192.168.0.106:8140 > 116.132.235.228:http F',51,,
b'her / IP / TCP 116.132.235.228:http > 192.168.0.106:8140 S',52,,
b'her / IP / TCP 116.132.235.228:http > 192.168.0.106:8140 ',52,,
b'her / IP / TCP 116.132.235.228:http > 192.168.0.106:8140 ',52,,
b'her / IP / TCP 116.132.235.228:http > 192.168.0.106:8140 ',52,,
b'her / IP / TCP 116.132.235.228:http > 192.168.0.106:8140 PA / Ra',52,,
b'her / IP / TCP 116.132.235.228:http > 192.168.0.106:8140 F',52,,
b'her / IP / TCP 116.132.235.228:http > 192.168.0.106:8140 ',53,,
b'her / IP / TCP 192.168.0.106:8017 > 42.81.62.31:https A / Ra',53,,
b'her / IP / TCP 192.168.0.106:8141 > 116.132.235.228:http ',54,,
b'her / IP / TCP 192.168.0.106:8141 > 116.132.235.228:http ',54,,
b'her / IP / TCP 192.168.0.106:8141 > 116.132.235.228:http PA / Ra',54,,
b'her / IP / TCP 192.168.0.106:8141 > 116.132.235.228:http A / Ra',54,,
b'her / IP / TCP 192.168.0.106:8141 > 116.132.235.228:http A / Ra',54,,
b'her / IP / TCP 192.168.0.106:8141 > 116.132.235.228:http PA / Ra',54,,
b'her / IP / TCP 192.168.0.106:8141 > 116.132.235.228:http ',55,,
b'her / IP / TCP 192.168.0.106:8141 > 116.132.235.228:http F',55,,
b'her / IP / TCP 192.168.0.106:8141 > 116.132.235.228:http F',55,,
b'her / IP / TCP 192.168.0.106:8141 > 116.132.235.228:http F',55,,
b'her / IP / TCP 192.168.0.106:8141 > 116.132.235.228:http F',55,,
b'her / IP / TCP 192.168.0.106:8141 > 116.132.235.228:http F',55,,
b'her / IP / TCP 192.168.0.106:8141 > 116.132.235.228:http F',55,,
b'her / IP / TCP 192.168.0.106:8141 > 116.132.235.228:http R',56,,
b'her / IP / TCP 42.81.62.31:https > 192.168.0.106:8017 ',56,,
b'her / IP / TCP 116.132.235.228:http > 192.168.0.106:8141 S',57,,
b'her / IP / TCP 116.132.235.228:http > 192.168.0.106:8141 ',57,,
b'her / IP / TCP 116.132.235.228:http > 192.168.0.106:8141 ',57,,
b'her / IP / TCP 116.132.235.228:http > 192.168.0.106:8141 ',57,,
b'her / IP / TCP 116.132.235.228:http > 192.168.0.106:8141 ',57,,
b'her / IP / TCP 116.132.235.228:http > 192.168.0.106:8141 PA / Ra',57,,
b'her / IP / TCP 116.132.235.228:http > 192.168.0.106:8141 F',58,,
b'her / IP / TCP 192.168.0.106:8142 > 116.132.235.228:http ',58,,
b'her / IP / TCP 192.168.0.106:8142 > 116.132.235.228:http ',58,,
b'her / IP / TCP 192.168.0.106:8142 > 116.132.235.228:http PA / Ra',58,,
b'her / IP / TCP 192.168.0.106:8142 > 116.132.235.228:http A / Ra',58,,
b'her / IP / TCP 192.168.0.106:8142 > 116.132.235.228:http A / Ra',58,,
b'her / IP / TCP 192.168.0.106:8142 > 116.132.235.228:http PA / Ra',58,,
b'her / IP / TCP 192.168.0.106:8142 > 116.132.235.228:http ',59,,
b'her / IP / TCP 192.168.0.106:8142 > 116.132.235.228:http F',59,,
b'her / IP / TCP 116.132.235.228:http > 192.168.0.106:8142 S',60,,
b'her / IP / TCP 116.132.235.228:http > 192.168.0.106:8142 ',60,,
b'her / IP / TCP 116.132.235.228:http > 192.168.0.106:8142 ',60,,
b'her / IP / TCP 116.132.235.228:http > 192.168.0.106:8142 ',60,,
b'her / IP / TCP 116.132.235.228:http > 192.168.0.106:8142 PA / Ra',60,,
b'her / IP / TCP 116.132.235.228:http > 192.168.0.106:8142 F',60,,
b'her / IP / TCP 116.132.235.228:http > 192.168.0.106:8142 ',61,,
b'her / IP / TCP 192.168.0.106:8143 > 110.242.68.3:http ',61,,
b'her / IP / TCP 192.168.0.106:8143 > 110.242.68.3:http ',61,,
b'her / IP / TCP 192.168.0.106:8143 > 110.242.68.3:http F',61,,
b'her / IP / TCP 192.168.0.106:8143 > 110.242.68.3:http ',61,,
b'her / IP / TCP 110.242.68.3:http > 192.168.0.106:8143 S',62,,
b'her / IP / TCP 110.242.68.3:http > 192.168.0.106:8143 ',62,,
b'her / IP / TCP 110.242.68.3:http > 192.168.0.106:8143 F',62,,
b'her / IP / TCP 192.168.0.106:8145 > 116.132.235.228:http ',63,,
b'her / IP / TCP 192.168.0.106:8145 > 116.132.235.228:http ',63,,
b'her / IP / TCP 192.168.0.106:8145 > 116.132.235.228:http PA / Ra',63,,
b'her / IP / TCP 192.168.0.106:8145 > 116.132.235.228:http A / Ra',63,,
b'her / IP / TCP 192.168.0.106:8145 > 116.132.235.228:http A / Ra',63,,
b'her / IP / TCP 192.168.0.106:8145 > 116.132.235.228:http PA / Ra',63,,
b'her / IP / TCP 192.168.0.106:8145 > 116.132.235.228:http F',64,,
b'her / IP / TCP 192.168.0.106:8145 > 116.132.235.228:http ',64,,
b'her / IP / TCP 116.132.235.228:http > 192.168.0.106:8145 S',65,,
b'her / IP / TCP 116.132.235.228:http > 192.168.0.106:8145 ',65,,
b'her / IP / TCP 116.132.235.228:http > 192.168.0.106:8145 ',65,,
b'her / IP / TCP 116.132.235.228:http > 192.168.0.106:8145 ',65,,
b'her / IP / TCP 116.132.235.228:http > 192.168.0.106:8145 PA / Ra',65,,
b'her / IP / TCP 116.132.235.228:http > 192.168.0.106:8145 F',65,,
b'her / IP / TCP 116.132.235.228:http > 192.168.0.106:8145 ',66,,
b'her / IP / TCP 192.168.0.106:8146 > 116.132.235.228:http ',66,,
b'her / IP / TCP 192.168.0.106:8146 > 116.132.235.228:http ',66,,
b'her / IP / TCP 192.168.0.106:8146 > 116.132.235.228:http PA / Ra',66,,
b'her / IP / TCP 192.168.0.106:8146 > 116.132.235.228:http A / Ra',66,,
b'her / IP / TCP 192.168.0.106:8146 > 116.132.235.228:http A / Ra',66,,
b'her / IP / TCP 192.168.0.106:8146 > 116.132.235.228:http PA / Ra',66,,
b'her / IP / TCP 192.168.0.106:8146 > 116.132.235.228:http ',67,,
b'her / IP / TCP 192.168.0.106:8146 > 116.132.235.228:http F',67,,
b'her / IP / TCP 116.132.235.228:http > 192.168.0.106:8146 S',68,,
b'her / IP / TCP 116.132.235.228:http > 192.168.0.106:8146 ',68,,
b'her / IP / TCP 116.132.235.228:http > 192.168.0.106:8146 ',68,,
b'her / IP / TCP 116.132.235.228:http > 192.168.0.106:8146 ',68,,
b'her / IP / TCP 116.132.235.228:http > 192.168.0.106:8146 PA / Ra',68,,
b'her / IP / TCP 116.132.235.228:http > 192.168.0.106:8146 F',68,,
b'her / IP / TCP 116.132.235.228:http > 192.168.0.106:8146 ',69,,
b'her / IP / TCP 192.168.0.106:8012 > 120.46.209.149:https A / Ra',69,,
b'her / IP / TCP 120.46.209.149:https > 192.168.0.106:8012 ',70,,
b'her / IP / TCP 192.168.0.106:8147 > 116.132.235.228:http ',71,,
b'her / IP / TCP 192.168.0.106:8147 > 116.132.235.228:http ',71,,
b'her / IP / TCP 192.168.0.106:8147 > 116.132.235.228:http PA / Ra',71,,
b'her / IP / TCP 192.168.0.106:8147 > 116.132.235.228:http A / Ra',71,,
b'her / IP / TCP 192.168.0.106:8147 > 116.132.235.228:http A / Ra',71,,
b'her / IP / TCP 192.168.0.106:8147 > 116.132.235.228:http PA / Ra',71,,
b'her / IP / TCP 192.168.0.106:8147 > 116.132.235.228:http ',72,,
b'her / IP / TCP 192.168.0.106:8147 > 116.132.235.228:http F',72,,
b'her / IP / TCP 192.168.0.106:8147 > 116.132.235.228:http F',72,,
b'her / IP / TCP 192.168.0.106:8147 > 116.132.235.228:http F',72,,
b'her / IP / TCP 192.168.0.106:8147 > 116.132.235.228:http F',72,,
b'her / IP / TCP 192.168.0.106:8147 > 116.132.235.228:http F',72,,
b'her / IP / TCP 192.168.0.106:8147 > 116.132.235.228:http F',72,,
b'her / IP / TCP 116.132.235.228:http > 192.168.0.106:8147 S',73,,
b'her / IP / TCP 116.132.235.228:http > 192.168.0.106:8147 ',73,,
b'her / IP / TCP 116.132.235.228:http > 192.168.0.106:8147 ',73,,
b'her / IP / TCP 116.132.235.228:http > 192.168.0.106:8147 ',73,,
b'her / IP / TCP 116.132.235.228:http > 192.168.0.106:8147 PA / Ra',73,,
b'her / IP / TCP 116.132.235.228:http > 192.168.0.106:8147 F',73,,
b'her / IP / TCP 192.168.0.106:3709 > 52.2.80.44:https PA / Ra',74,,
b'her / IP / TCP 52.2.80.44:https > 192.168.0.106:3709 A / Paddin',75,,
b'her / IP / TCP 192.168.0.106:8148 > 116.132.235.228:http ',76,,
b'her / IP / TCP 192.168.0.106:8148 > 116.132.235.228:http ',76,,
b'her / IP / TCP 192.168.0.106:8148 > 116.132.235.228:http PA / Ra',76,,
b'her / IP / TCP 192.168.0.106:8148 > 116.132.235.228:http A / Ra',76,,
b'her / IP / TCP 192.168.0.106:8148 > 116.132.235.228:http A / Ra',76,,
b'her / IP / TCP 192.168.0.106:8148 > 116.132.235.228:http PA / Ra',76,,
b'her / IP / TCP 192.168.0.106:8148 > 116.132.235.228:http ',77,,
b'her / IP / TCP 192.168.0.106:8148 > 116.132.235.228:http F',77,,
b'her / IP / TCP 192.168.0.106:8148 > 116.132.235.228:http F',77,,
b'her / IP / TCP 192.168.0.106:8148 > 116.132.235.228:http F',77,,
b'her / IP / TCP 192.168.0.106:8148 > 116.132.235.228:http F',77,,
b'her / IP / TCP 192.168.0.106:8148 > 116.132.235.228:http F',77,,
b'her / IP / TCP 192.168.0.106:8148 > 116.132.235.228:http F',77,,
b'her / IP / TCP 116.132.235.228:http > 192.168.0.106:8148 S',78,,
b'her / IP / TCP 116.132.235.228:http > 192.168.0.106:8148 ',78,,
b'her / IP / TCP 116.132.235.228:http > 192.168.0.106:8148 ',78,,
b'her / IP / TCP 116.132.235.228:http > 192.168.0.106:8148 ',78,,
b'her / IP / TCP 116.132.235.228:http > 192.168.0.106:8148 PA / Ra',78,,
b'her / IP / TCP 116.132.235.228:http > 192.168.0.106:8148 F',78,,
b'her / IP / TCP 192.168.0.106:8149 > 116.132.235.228:http ',79,,
b'her / IP / TCP 192.168.0.106:8149 > 116.132.235.228:http ',79,,
b'her / IP / TCP 192.168.0.106:8149 > 116.132.235.228:http PA / Ra',79,,
b'her / IP / TCP 192.168.0.106:8149 > 116.132.235.228:http A / Ra',79,,
b'her / IP / TCP 192.168.0.106:8149 > 116.132.235.228:http A / Ra',79,,
b'her / IP / TCP 192.168.0.106:8149 > 116.132.235.228:http PA / Ra',79,,
b'her / IP / TCP 192.168.0.106:8149 > 116.132.235.228:http ',80,,
b'her / IP / TCP 192.168.0.106:8149 > 116.132.235.228:http F',80,,
b'her / IP / TCP 116.132.235.228:http > 192.168.0.106:8149 S',81,,
b'her / IP / TCP 116.132.235.228:http > 192.168.0.106:8149 ',81,,
b'her / IP / TCP 116.132.235.228:http > 192.168.0.106:8149 ',81,,
b'her / IP / TCP 116.132.235.228:http > 192.168.0.106:8149 ',81,,
b'her / IP / TCP 116.132.235.228:http > 192.168.0.106:8149 PA / Ra',81,,
b'her / IP / TCP 116.132.235.228:http > 192.168.0.106:8149 F',81,,
b'her / IP / TCP 116.132.235.228:http > 192.168.0.106:8149 ',82,,
b'her / IP / TCP 192.168.0.106:8041 > 119.28.20.150:https A / Ra',82,,
b'her / IP / TCP 192.168.0.106:8041 > 119.28.20.150:https ',82,,
b'her / IP / TCP 119.28.20.150:https > 192.168.0.106:8041 ',83,,
b'her / IP / TCP 119.28.20.150:https > 192.168.0.106:8041 PA / Ra',83,,
b'her / IP / TCP 119.28.20.150:https > 192.168.0.106:8041 F',83,,
b'her / IP / TCP 192.168.0.106:8150 > 116.132.235.228:http ',84,,
b'her / IP / TCP 192.168.0.106:8150 > 116.132.235.228:http ',84,,
b'her / IP / TCP 192.168.0.106:8150 > 116.132.235.228:http PA / Ra',84,,
b'her / IP / TCP 192.168.0.106:8150 > 116.132.235.228:http A / Ra',84,,
b'her / IP / TCP 192.168.0.106:8150 > 116.132.235.228:http A / Ra',84,,
b'her / IP / TCP 192.168.0.106:8150 > 116.132.235.228:http PA / Ra',84,,
b'her / IP / TCP 192.168.0.106:8150 > 116.132.235.228:http ',85,,
b'her / IP / TCP 192.168.0.106:8150 > 116.132.235.228:http F',85,,
b'her / IP / TCP 116.132.235.228:http > 192.168.0.106:8150 S',86,,
b'her / IP / TCP 116.132.235.228:http > 192.168.0.106:8150 ',86,,
b'her / IP / TCP 116.132.235.228:http > 192.168.0.106:8150 ',86,,
b'her / IP / TCP 116.132.235.228:http > 192.168.0.106:8150 ',86,,
b'her / IP / TCP 116.132.235.228:http > 192.168.0.106:8150 PA / Ra',86,,
b'her / IP / TCP 116.132.235.228:http > 192.168.0.106:8150 F',86,,
b'her / IP / TCP 116.132.235.228:http > 192.168.0.106:8150 ',87,,
b'her / IP / TCP 192.168.0.106:8151 > 116.132.235.228:http ',87,,
b'her / IP / TCP 192.168.0.106:8151 > 116.132.235.228:http ',87,,
b'her / IP / TCP 192.168.0.106:8151 > 116.132.235.228:http PA / Ra',87,,
b'her / IP / TCP 192.168.0.106:8151 > 116.132.235.228:http A / Ra',87,,
b'her / IP / TCP 192.168.0.106:8151 > 116.132.235.228:http A / Ra',87,,
b'her / IP / TCP 192.168.0.106:8151 > 116.132.235.228:http PA / Ra',87,,
b'her / IP / TCP 192.168.0.106:8151 > 116.132.235.228:http ',88,,
b'her / IP / TCP 192.168.0.106:8151 > 116.132.235.228:http F',88,,
b'her / IP / TCP 192.168.0.106:8151 > 116.132.235.228:http F',88,,
b'her / IP / TCP 192.168.0.106:8151 > 116.132.235.228:http F',88,,
b'her / IP / TCP 192.168.0.106:8151 > 116.132.235.228:http F',88,,
b'her / IP / TCP 192.168.0.106:8151 > 116.132.235.228:http F',88,,
b'her / IP / TCP 192.168.0.106:8151 > 116.132.235.228:http F',88,,
b'her / IP / TCP 116.132.235.228:http > 192.168.0.106:8151 S',89,,
b'her / IP / TCP 116.132.235.228:http > 192.168.0.106:8151 ',89,,
b'her / IP / TCP 116.132.235.228:http > 192.168.0.106:8151 ',89,,
b'her / IP / TCP 116.132.235.228:http > 192.168.0.106:8151 ',89,,
b'her / IP / TCP 116.132.235.228:http > 192.168.0.106:8151 PA / Ra',89,,
b'her / IP / TCP 116.132.235.228:http > 192.168.0.106:8151 F',89,,
b'her / IP / TCP 192.168.0.106:8152 > 116.132.235.228:http ',90,,
b'her / IP / TCP 192.168.0.106:8152 > 116.132.235.228:http ',90,,
b'her / IP / TCP 192.168.0.106:8152 > 116.132.235.228:http PA / Ra',90,,
b'her / IP / TCP 192.168.0.106:8152 > 116.132.235.228:http A / Ra',90,,
b'her / IP / TCP 192.168.0.106:8152 > 116.132.235.228:http A / Ra',90,,
b'her / IP / TCP 192.168.0.106:8152 > 116.132.235.228:http PA / Ra',90,,
b'her / IP / TCP 192.168.0.106:8152 > 116.132.235.228:http ',91,,
b'her / IP / TCP 192.168.0.106:8152 > 116.132.235.228:http F',91,,
b'her / IP / TCP 116.132.235.228:http > 192.168.0.106:8152 S',92,,
b'her / IP / TCP 116.132.235.228:http > 192.168.0.106:8152 ',92,,
b'her / IP / TCP 116.132.235.228:http > 192.168.0.106:8152 ',92,,
b'her / IP / TCP 116.132.235.228:http > 192.168.0.106:8152 PA / Ra',92,,
b'her / IP / TCP 116.132.235.228:http > 192.168.0.106:8152 F',92,,
b'her / IP / TCP 116.132.235.228:http > 192.168.0.106:8152 ',92,,
b'her / IP / TCP 192.168.0.106:4025 > 52.182.143.211:https A / Ra',93,,
"b'her / IP / UDP / DNS Qry ""b\'dns.msftncsi.com.\'""'",94,,
"b'her / IP / UDP / DNS Qry ""b\'ipv6.msftconnecttest.com.\'""'",94,,
"b'her / IP / UDP / DNS Qry ""b\'ipv6.msftconnecttest.com.\'""'",94,,
"b'her / IP / UDP / DNS Ans ""fd3e:4f5a:5b81::1""'",95,,
"b'her / IP / UDP / DNS Ans ""b\'v6ncsi.msedge.net.\'""'",95,,
b'her / IP / TCP 192.168.0.106:8153 > 116.132.235.228:http ',96,,
b'her / IP / TCP 192.168.0.106:8153 > 116.132.235.228:http ',96,,
b'her / IP / TCP 192.168.0.106:8153 > 116.132.235.228:http PA / Ra',96,,
b'her / IP / TCP 192.168.0.106:8153 > 116.132.235.228:http A / Ra',96,,
b'her / IP / TCP 192.168.0.106:8153 > 116.132.235.228:http A / Ra',96,,
b'her / IP / TCP 192.168.0.106:8153 > 116.132.235.228:http PA / Ra',96,,
b'her / IP / TCP 192.168.0.106:8153 > 116.132.235.228:http F',97,,
b'her / IP / TCP 192.168.0.106:8153 > 116.132.235.228:http ',97,,
b'her / IP / TCP 192.168.0.106:8153 > 116.132.235.228:http F',97,,
b'her / IP / TCP 192.168.0.106:8153 > 116.132.235.228:http F',97,,
b'her / IP / TCP 192.168.0.106:8153 > 116.132.235.228:http F',97,,
b'her / IP / TCP 192.168.0.106:8153 > 116.132.235.228:http F',97,,
b'her / IP / TCP 192.168.0.106:8153 > 116.132.235.228:http F',97,,
b'her / IP / TCP 116.132.235.228:http > 192.168.0.106:8153 S',98,,
b'her / IP / TCP 116.132.235.228:http > 192.168.0.106:8153 ',98,,
b'her / IP / TCP 116.132.235.228:http > 192.168.0.106:8153 ',98,,
b'her / IP / TCP 116.132.235.228:http > 192.168.0.106:8153 ',98,,
b'her / IP / TCP 116.132.235.228:http > 192.168.0.106:8153 PA / Ra',98,,
b'her / IP / TCP 116.132.235.228:http > 192.168.0.106:8153 F',98,,
b'her / IP / TCP 52.182.143.211:https > 192.168.0.106:4025 ',99,,
"b'her / IP / UDP / DNS Qry ""b\'ipv6.msftconnecttest.com.\'""'",100,,
"b'her / IP / UDP / DNS Qry ""b\'www.msftconnecttest.com.\'""'",101,,
"b'her / IP / UDP / DNS Qry ""b\'cn.bing.com.\'""'",101,,
"b'her / IP / UDP / DNS Ans ""b\'ncsi-geo.trafficmanager.net.\'""'",102,,
"b'her / IP / UDP / DNS Ans ""b\'cn-bing-com.cn.a-0001.a-msedge.net.\'""'",102,,
b'her / IP / TCP 192.168.0.106:8154 > 23.192.47.155:http ',103,,
b'her / IP / TCP 192.168.0.106:8154 > 23.192.47.155:http ',103,,
b'her / IP / TCP 192.168.0.106:8154 > 23.192.47.155:http PA / Ra',103,,
b'her / IP / TCP 192.168.0.106:8154 > 23.192.47.155:http ',103,,
b'her / IP / TCP 192.168.0.106:8155 > 23.192.47.155:http ',104,,
b'her / IP / TCP 192.168.0.106:8155 > 23.192.47.155:http ',104,,
b'her / IP / TCP 192.168.0.106:8155 > 23.192.47.155:http PA / Ra',104,,
b'her / IP / TCP 192.168.0.106:8155 > 23.192.47.155:http ',104,,
b'her / IP / TCP 192.168.0.106:8155 > 23.192.47.155:http F',104,,
b'her / IP / TCP 192.168.0.106:8155 > 23.192.47.155:http F',104,,
"b'her / IP / UDP / DNS Ans ""b\'v6ncsi.msedge.net.\'""'",105,,
b'her / IP / TCP 23.192.47.155:http > 192.168.0.106:8155 S',106,,
b'her / IP / TCP 23.192.47.155:http > 192.168.0.106:8155 ',106,,
b'her / IP / TCP 23.192.47.155:http > 192.168.0.106:8155 PA / Ra',106,,
b'her / IP / TCP 23.192.47.155:http > 192.168.0.106:8155 F',106,,
b'her / IP / TCP 23.192.47.155:http > 192.168.0.106:8155 ',106,,
b'her / IP / TCP 23.192.47.155:http > 192.168.0.106:8154 S',107,,
b'her / IP / TCP 23.192.47.155:http > 192.168.0.106:8154 ',107,,
b'her / IP / TCP 23.192.47.155:http > 192.168.0.106:8154 F',107,,
"b'her / IP / UDP / DNS Qry ""b\'ipv6.msftconnecttest.com.\'""'",108,,
"b'her / IP / UDP / DNS Ans ""b\'v6ncsi.msedge.net.\'""'",109,,
"b'her / IP / UDP / DNS Qry ""b\'ipv6.msftconnecttest.com.\'""'",110,,
"b'her / IP / UDP / DNS Ans ""b\'v6ncsi.msedge.net.\'""'",111,,
b'her / IP / TCP 192.168.0.106:8005 > 221.195.216.43:https A / Ra',112,,
b'her / IP / TCP 221.195.216.43:https > 192.168.0.106:8005 ',113,,
b'her / IP / TCP 192.168.0.106:8156 > 110.242.68.3:http ',114,,
b'her / IP / TCP 192.168.0.106:8156 > 110.242.68.3:http ',114,,
b'her / IP / TCP 192.168.0.106:8156 > 110.242.68.3:http F',114,,
b'her / IP / TCP 192.168.0.106:8156 > 110.242.68.3:http ',114,,
b'her / IP / TCP 110.242.68.3:http > 192.168.0.106:8156 S',115,,
b'her / IP / TCP 110.242.68.3:http > 192.168.0.106:8156 ',115,,
b'her / IP / TCP 110.242.68.3:http > 192.168.0.106:8156 F',115,,
b'her / IP / TCP 192.168.0.106:3626 > 34.225.41.193:https PA / Ra',116,,
b'her / IP / TCP 192.168.0.106:3626 > 34.225.41.193:https ',116,,
b'her / IP / TCP 34.225.41.193:https > 192.168.0.106:3626 PA / Ra',117,,
b'her / IP / TCP 34.225.41.193:https > 192.168.0.106:3626 PA / Ra',117,,
b'her / IP / TCP 123.249.99.208:https > 192.168.0.106:8033 PA / Ra',118,,
b'her / IP / TCP 123.249.99.208:https > 192.168.0.106:8033 PA / Ra',118,,
b'her / IP / TCP 123.249.99.208:https > 192.168.0.106:8033 F',118,,
b'her / IP / TCP 123.249.99.208:https > 192.168.0.106:8033 A / Paddin',118,,
b'her / IP / TCP 192.168.0.106:8033 > 123.249.99.208:https ',119,,
b'her / IP / TCP 192.168.0.106:8033 > 123.249.99.208:https F',119,,
b'her / IP / TCP 192.168.0.106:8002 > 13.107.21.239:https A / Ra',120,,
b'her / IP / TCP 13.107.21.239:https > 192.168.0.106:8002 ',121,,
b'her / IP / TCP 192.168.0.106:8050 > 203.208.50.34:https A / Ra',122,,
b'her / IP / TCP 203.208.50.34:https > 192.168.0.106:8050 ',123,,
"b'her / IP / UDP / DNS Qry ""b\'_microsoft_mcc._tcp.local.\'""'",124,,
"b'her / IP / UDP / DNS Qry ""b\'_microsoft_mcc._tcp.local.\'""'",124,,
"b'her / IPv6 / UDP / DNS Qry ""b\'_microsoft_mcc._tcp.local.\'""'",125,,
"b'her / IPv6 / UDP / DNS Qry ""b\'_microsoft_mcc._tcp.local.\'""'",125,,
b'her / IP / TCP 192.168.0.106:8157 > 110.242.68.3:http ',126,,
b'her / IP / TCP 192.168.0.106:8157 > 110.242.68.3:http ',126,,
b'her / IP / TCP 192.168.0.106:8157 > 110.242.68.3:http F',126,,
b'her / IP / TCP 110.242.68.3:http > 192.168.0.106:8157 S',127,,
b'her / IP / TCP 110.242.68.3:http > 192.168.0.106:8157 ',127,,
b'her / IP / TCP 110.242.68.3:http > 192.168.0.106:8157 F',127,,
